{"count":1,"gauges":{},"self":35.2643008,"total":35.3220283,"children":{"AgentResetIfDone":{"count":1752,"self":0.0208839,"total":0.0208839,"children":null},"AgentSendState":{"count":1752,"self":0.0088268,"total":0.0088268,"children":null},"DecideAction":{"count":1752,"self":0.0100062,"total":0.0100062,"children":null},"AcademyStep":{"count":1752,"self":0.008007499999999999,"total":0.008007499999999999,"children":null},"AgentAct":{"count":1752,"self":0.0090029,"total":0.0090029,"children":null}}}