{"count":1,"gauges":{},"self":6.4078088,"total":6.4228217999999995,"children":{"AgentResetIfDone":{"count":307,"self":0.0030033,"total":0.0030033,"children":null},"AgentSendState":{"count":307,"self":0.0030034999999999997,"total":0.0040031,"children":{"CollectObservations":{"count":1,"self":0.0009996,"total":0.0009996,"children":null}}},"DecideAction":{"count":307,"self":0.0070053999999999993,"total":0.0070053999999999993,"children":null},"AcademyStep":{"count":41,"self":0.0010012,"total":0.0010012,"children":null},"AgentAct":{"count":41,"self":0,"total":0,"children":null}}}